thị_trường,có
có,thị_trường
có,phiên
phiên,có
phiên,giao_dịch
giao_dịch,phiên
giao_dịch,trong
trong,giao_dịch
trong,biên_độ
biên_độ,trong
biên_độ,hẹp
hẹp,biên_độ
hẹp,phân_hóa_mạnh
phân_hóa_mạnh,hẹp
phân_hóa_mạnh,khoản
khoản,phân_hóa_mạnh
khoản,duy_trì
duy_trì,khoản
duy_trì,tích_cực
tích_cực,duy_trì
tích_cực,tín_hiệu
tín_hiệu,tích_cực
tín_hiệu,giao_dịch
giao_dịch,tín_hiệu
giao_dịch,phiên
phiên,giao_dịch
phiên,cho
cho,phiên
cho,đà
đà,cho
đà,tăng
tăng,đà
tăng,chững
chững,tăng
chững,có
có,chững
có,dấu_hiệu
dấu_hiệu,có
dấu_hiệu,đầu
đầu,dấu_hiệu
vnindex,đóng_cửa
đóng_cửa,vnindex
đóng_cửa,tăng
tăng,đóng_cửa
tăng,nhẹ
nhẹ,tăng
trong,hầu_hết
hầu_hết,trong
hầu_hết,chỉ_số
chỉ_số,hầu_hết
chỉ_số,hnxindex
hnxindex,chỉ_số
hnxindex,giảm
giảm,hnxindex
giảm,cho
cho,giảm
cho,sự_biến_động
sự_biến_động,cho
sự_biến_động,trái
trái,sự_biến_động
trái,chiều
chiều,trái
chiều,khoản
khoản,chiều
khoản,toàn
toàn,khoản
toàn,thị_trường
thị_trường,toàn
thị_trường,duy_trì
duy_trì,thị_trường
duy_trì,tỷ
tỷ,duy_trì
tỷ,đồng
đồng,tỷ
đồng,trong
trong,đồng
trong,có
có,trong
có,giao_dịch
giao_dịch,có
giao_dịch,đột_biến
đột_biến,giao_dịch
đột_biến,hng
hng,đột_biến
hng,qui_mô
qui_mô,hng
tỷ,đồng
đồng,tỷ
tỷ,đồng
đồng,tỷ
cổ_phiếu,gas
gas,cổ_phiếu
msn,vcb
vcb,msn
vre,đóng_góp
đóng_góp,vre
đóng_góp,cho
cho,đóng_góp
cho,chiều
chiều,cho
chiều,tăng
tăng,chiều
tăng,chỉ_số
chỉ_số,tăng
chỉ_số,sức_kéo
sức_kéo,chỉ_số
sức_kéo,giảm
giảm,sức_kéo
giảm,vnm
vnm,giảm
sab,cho
cho,sab
cho,chỉ_số
chỉ_số,cho
chỉ_số,không
không,chỉ_số
không,duy_trì
duy_trì,không
duy_trì,đà
đà,duy_trì
đà,tăng
tăng,đà
tăng,đầu
đầu,tăng
đầu,sụt_giảm
sụt_giảm,đầu
sụt_giảm,nhẹ
nhẹ,sụt_giảm
nhẹ,phiên
phiên,nhẹ
nhóm,cổ_phiếu
cổ_phiếu,nhóm
cổ_phiếu,ngân_hàng
ngân_hàng,cổ_phiếu
ngân_hàng,diễn_biến
diễn_biến,ngân_hàng
diễn_biến,trái
trái,diễn_biến
trái,chiều
chiều,trái
chiều,vcb
vcb,chiều
stb,tăng
tăng,stb
tăng,nhẹ
nhẹ,tăng
nhẹ,trong
trong,nhẹ
trong,đa_số
đa_số,trong
đa_số,cổ_phiếu
cổ_phiếu,đa_số
cổ_phiếu,ngân_hàng
ngân_hàng,cổ_phiếu
ngân_hàng,giảm
giảm,ngân_hàng
giảm,nhẹ
nhẹ,giảm
nhẹ,vpb
vpb,nhẹ
nhóm,cổ_phiếu
cổ_phiếu,nhóm
cổ_phiếu,ngành
ngành,cổ_phiếu
ngành,chứng_khoán
chứng_khoán,ngành
chứng_khoán,đồng_thuận
đồng_thuận,chứng_khoán
đồng_thuận,giảm
giảm,đồng_thuận
giảm,mức
mức,giảm
mức,giảm
giảm,mức
giảm,rõ_rệt
rõ_rệt,giảm
rõ_rệt,nhóm
nhóm,rõ_rệt
nhóm,ngân_hàng
ngân_hàng,nhóm
ngân_hàng,hcm
hcm,ngân_hàng
shs,giảm_điểm
giảm_điểm,shs
nhóm,cổ_phiếu
cổ_phiếu,nhóm
cổ_phiếu,ngành
ngành,cổ_phiếu
ngành,tài_nguyên
tài_nguyên,ngành
tài_nguyên,diễn_biến
diễn_biến,tài_nguyên
diễn_biến,khá
khá,diễn_biến
khá,nổi_bật
nổi_bật,khá
nổi_bật,mặt_bằng
mặt_bằng,nổi_bật
mặt_bằng,duy_trì
duy_trì,mặt_bằng
duy_trì,sắc
sắc,duy_trì
sắc,xanh
xanh,sắc
xanh,hầu_hết
hầu_hết,xanh
hầu_hết,phiên
phiên,hầu_hết
phiên,chốt
chốt,phiên
chốt,phiên
phiên,chốt
phiên,có
có,phiên
có,xáo_trộn
xáo_trộn,có
xáo_trộn,gas
gas,xáo_trộn
plx,duy_trì
duy_trì,plx
duy_trì,đà
đà,duy_trì
đà,tăng
tăng,đà
tăng,bsr
bsr,tăng
bsr,chốt
chốt,bsr
chốt,phiên
phiên,chốt
phiên,tham_chiếu
tham_chiếu,phiên
tham_chiếu,pvd
pvd,tham_chiếu
pvs,giảm_điểm
giảm_điểm,pvs
nhóm,cổ_phiếu
cổ_phiếu,nhóm
cổ_phiếu,ngành
ngành,cổ_phiếu
ngành,bán_lẻ
bán_lẻ,ngành
bán_lẻ,giảm
giảm,bán_lẻ
giảm,dẫn_đầu
dẫn_đầu,giảm
dẫn_đầu,vnm
vnm,dẫn_đầu
pnj,cổ_phiếu
cổ_phiếu,pnj
cổ_phiếu,nhóm
nhóm,cổ_phiếu
nhóm,ngành
ngành,nhóm
ngành,sản_xuất
sản_xuất,ngành
sản_xuất,giảm
giảm,sản_xuất
giảm,hpg
hpg,giảm
số_lượng,cổ_phiếu
cổ_phiếu,số_lượng
cổ_phiếu,giảm
giảm,cổ_phiếu
giảm,chiếm
chiếm,giảm
chiếm,ưu_thế
ưu_thế,chiếm
ưu_thế,cho
cho,ưu_thế
cho,tâm_lý
tâm_lý,cho
tâm_lý,trở
trở,tâm_lý
trở,lên
lên,trở
lên,thận_trọng
thận_trọng,lên
thận_trọng,giá
giá,thận_trọng
giá,hiện_tại
hiện_tại,giá
hiện_tại,động_lực
động_lực,hiện_tại
động_lực,tăng
tăng,động_lực
tăng,thị_trường
thị_trường,tăng
thị_trường,yếu
yếu,thị_trường
yếu,đi
đi,yếu
khối,đầu_tư
đầu_tư,khối
đầu_tư,ngoại_giao_dịch
ngoại_giao_dịch,đầu_tư
ngoại_giao_dịch,khá
khá,ngoại_giao_dịch
khá,sôi_động
sôi_động,khá
sôi_động,phiên
phiên,sôi_động
phiên,hôm_nay
hôm_nay,phiên
hôm_nay,khối
khối,hôm_nay
khối,bán
bán,khối
bán,ròng
ròng,bán
ròng,qui_mô
qui_mô,ròng
qui_mô,tỷ
tỷ,qui_mô
tỷ,đồng
đồng,tỷ
đồng,sàn
sàn,đồng
sàn,hose
hose,sàn
áp_lực,bán
bán,áp_lực
bán,ròng
ròng,bán
ròng,tập_trung
tập_trung,ròng
tập_trung,cổ_phiếu
cổ_phiếu,tập_trung
cổ_phiếu,vic
vic,cổ_phiếu
vic,triệu
triệu,vic
triệu,cổ_phiếu
cổ_phiếu,triệu
vnm,nghìn
nghìn,vnm
nghìn,cổ_phiếu
cổ_phiếu,nghìn
triệu,cổ_phiếu
cổ_phiếu,triệu
cổ_phiếu,vre
vre,cổ_phiếu
pvd,bán
bán,pvd
bán,ròng
ròng,bán
ròng,nhẹ
nhẹ,ròng
chiều,ngược_lại
ngược_lại,chiều
ngược_lại,khối
khối,ngược_lại
khối,mua
mua,khối
mua,ròng
ròng,mua
ròng,nhẹ
nhẹ,ròng
nhẹ,gas
gas,nhẹ
chỉ_số,nhiều
nhiều,chỉ_số
nhiều,cổ_phiếu
cổ_phiếu,nhiều
cổ_phiếu,có
có,cổ_phiếu
có,nhiều
nhiều,có
nhiều,nỗ_lực
nỗ_lực,nhiều
nỗ_lực,đà
đà,nỗ_lực
đà,hồi_phục
hồi_phục,đà
hồi_phục,tiếp_diễn
tiếp_diễn,hồi_phục
tiếp_diễn,trong
trong,tiếp_diễn
trong,phiên
phiên,trong
phiên,hôm_nay
hôm_nay,phiên
hôm_nay,lực
lực,hôm_nay
lực,bán
bán,lực
bán,khối
khối,bán
khối,đầu_tư
đầu_tư,khối
đầu_tư,ngoại
ngoại,đầu_tư
ngoại,lực
lực,ngoại
lực,cản
cản,lực
cản,tâm_lý
tâm_lý,cản
tâm_lý,khá
khá,tâm_lý
khá,cho
cho,khá
cho,mua
mua,cho
thị_trường,chứng_khoán
chứng_khoán,thị_trường
chứng_khoán,khu_vực
khu_vực,chứng_khoán
khu_vực,diễn_biến
diễn_biến,khu_vực
diễn_biến,giảm
giảm,diễn_biến
giảm,áp_lực
áp_lực,giảm
áp_lực,tâm_lý
tâm_lý,áp_lực
tâm_lý,ngăn_cản
ngăn_cản,tâm_lý
ngăn_cản,hồi_phục
hồi_phục,ngăn_cản
hồi_phục,thị_trường
thị_trường,hồi_phục
thị_trường,trong
trong,thị_trường
trong,bối_cảnh
bối_cảnh,trong
bối_cảnh,tin_tức
tin_tức,bối_cảnh
tin_tức,hỗ_trợ
hỗ_trợ,tin_tức
hỗ_trợ,kết_quả
kết_quả,hỗ_trợ
kết_quả,kinh_doanh
kinh_doanh,kết_quả
công_bố,hiện_tại
hiện_tại,công_bố
hiện_tại,thị_trường
thị_trường,hiện_tại
thị_trường,nhiều
nhiều,thị_trường
nhiều,cổ_phiếu
cổ_phiếu,nhiều
cổ_phiếu,động_lực
động_lực,cổ_phiếu
động_lực,duy_trì
duy_trì,động_lực
duy_trì,tăng_giá
tăng_giá,duy_trì
chúng_tôi,cho
cho,chúng_tôi
cho,cơ_hội
cơ_hội,cho
cơ_hội,hồi_phục
hồi_phục,cơ_hội
hồi_phục,tiếp_diễn
tiếp_diễn,hồi_phục
tiếp_diễn,chỉ_số
chỉ_số,tiếp_diễn
chỉ_số,đi
đi,chỉ_số
đi,áp_lực
áp_lực,đi
áp_lực,điều_chỉnh
điều_chỉnh,áp_lực
điều_chỉnh,trở_lại
trở_lại,điều_chỉnh
trở_lại,thị_trường
thị_trường,trở_lại
thị_trường,nhiều
nhiều,thị_trường
nhiều,khả_năng
khả_năng,nhiều
khả_năng,điều_chỉnh
điều_chỉnh,khả_năng
điều_chỉnh,củng_cố
củng_cố,điều_chỉnh
củng_cố,trong
trong,củng_cố
trong,phiên
phiên,trong
phiên,giao_dịch
giao_dịch,phiên
giao_dịch,tới
tới,giao_dịch
tới,sidway
sidway,tới
sidway,vnindex
vnindex,sidway
vnindex,góc
góc,vnindex
góc,ptkt
ptkt,góc
ptkt,dấu_hiệu
dấu_hiệu,ptkt
dấu_hiệu,chấm_dứt
chấm_dứt,dấu_hiệu
chấm_dứt,đợt
đợt,chấm_dứt
đợt,điều_chỉnh
điều_chỉnh,đợt
điều_chỉnh,phiên
phiên,điều_chỉnh
phiên,hôm_qua
hôm_qua,phiên
hôm_qua,giúp
giúp,hôm_qua
giúp,dòng
dòng,giúp
dòng,tiền
tiền,dòng
tiền,hào_hứng
hào_hứng,tiền
hào_hứng,tham_gia
tham_gia,hào_hứng
tham_gia,đầu
đầu,tham_gia
đầu,phiên
phiên,đầu
phiên,giao_dịch
giao_dịch,phiên
giao_dịch,hôm_nay
hôm_nay,giao_dịch
hôm_nay,mức_độ
mức_độ,hôm_nay
mức_độ,hưng_phấn
hưng_phấn,mức_độ
hưng_phấn,đầu
đầu,hưng_phấn
đầu,phiên
phiên,đầu
phiên,giao_dịch
giao_dịch,phiên
giao_dịch,chỉ_số
chỉ_số,giao_dịch
chỉ_số,tăng
tăng,chỉ_số
tăng,suốt
suốt,tăng
suốt,trong
trong,suốt
trong,phiên
phiên,trong
phiên,mặc_dù
mặc_dù,phiên
mặc_dù,hơi
hơi,mặc_dù
hơi,chùng
chùng,hơi
chùng,xuống
xuống,chùng
xuống,phiên
phiên,xuống
vnindex,đóng_cửa
đóng_cửa,vnindex
đóng_cửa,tăng
tăng,đóng_cửa
tăng,nhẹ
nhẹ,tăng
khoản,toàn
toàn,khoản
toàn,thị_trường
thị_trường,toàn
thị_trường,mức
mức,thị_trường
mức,tỷ
tỷ,mức
tỷ,trong
trong,tỷ
trong,có
có,trong
có,thỏa_thuận
thỏa_thuận,có
thỏa_thuận,đột_biến
đột_biến,thỏa_thuận
đột_biến,tcb
tcb,đột_biến
tcb,tương_đương
tương_đương,tcb
tương_đương,mức
mức,tương_đương
tỷ,đồng
đồng,tỷ
đồng,khoản
khoản,đồng
khoản,dòng
dòng,khoản
dòng,tiền
tiền,dòng
tiền,luân_chuyển
luân_chuyển,tiền
luân_chuyển,nhiều
nhiều,luân_chuyển
nhiều,nhóm
nhóm,nhiều
nhóm,ngành
ngành,nhóm
ngành,nhóm
nhóm,ngành
nhóm,ngành
ngành,nhóm
ngành,có
có,ngành
có,cổ_phiếu
cổ_phiếu,có
cổ_phiếu,tăng_giá
tăng_giá,cổ_phiếu
tăng_giá,trong
trong,tăng_giá
trong,xét
xét,trong
xét,góc_độ
góc_độ,xét
góc_độ,vốn_hóa
vốn_hóa,góc_độ
vốn_hóa,dòng
dòng,vốn_hóa
dòng,tiền
tiền,dòng
tiền,hoạt_động
hoạt_động,tiền
hoạt_động,tích_cực
tích_cực,hoạt_động
tích_cực,cả
cả,tích_cực
cả,nhóm
nhóm,cả
nhóm,vốn_hóa_lớn
vốn_hóa_lớn,nhóm
tầm_trung,vốn_hóa_nhỏ
vốn_hóa_nhỏ,tầm_trung
nhóm,cổ_phiếu
cổ_phiếu,nhóm
cổ_phiếu,ngân_hàng
ngân_hàng,cổ_phiếu
ngân_hàng,có
có,ngân_hàng
có,diễn_biến
diễn_biến,có
diễn_biến,khá
khá,diễn_biến
khá,ngược
ngược,khá
ngược,phiên
phiên,ngược
phiên,hôm_qua
hôm_qua,phiên
hôm_qua,tăng
tăng,hôm_qua
tăng,hầu_hết
hầu_hết,tăng
hầu_hết,trong
trong,hầu_hết
trong,phiên
phiên,trong
phiên,hôm_nay
hôm_nay,phiên
hôm_nay,bất_ngờ
bất_ngờ,hôm_nay
bất_ngờ,suy_yếu
suy_yếu,bất_ngờ
suy_yếu,giảm
giảm,suy_yếu
giảm,nhẹ
nhẹ,giảm
nhẹ,phiên
phiên,nhẹ
phiên,dẫn_đầu
dẫn_đầu,phiên
dẫn_đầu,vcb
vcb,dẫn_đầu
tpb,trong
trong,tpb
trong,bid
bid,trong
mbb,duy_trì
duy_trì,mbb
duy_trì,sắc
sắc,duy_trì
sắc,xanh
xanh,sắc
xanh,nhẹ
nhẹ,xanh
nhóm,cổ_phiếu
cổ_phiếu,nhóm
cổ_phiếu,ngành
ngành,cổ_phiếu
ngành,chứng_khoán
chứng_khoán,ngành
chứng_khoán,diễn_biến
diễn_biến,chứng_khoán
diễn_biến,trái
trái,diễn_biến
trái,chiều
chiều,trái
chiều,cổ_phiếu
cổ_phiếu,chiều
cổ_phiếu,đầu
đầu,cổ_phiếu
đầu,ngành
ngành,đầu
ngành,ssi
ssi,ngành
ssi,giảm
giảm,ssi
giảm,trong
trong,giảm
trong,hcm
hcm,trong
shs,tăng
tăng,shs
tăng,nhẹ
nhẹ,tăng
nhẹ,nhóm
nhóm,nhẹ
nhóm,cổ_phiếu
cổ_phiếu,nhóm
cổ_phiếu,ngành
ngành,cổ_phiếu
ngành,xây_dựng
xây_dựng,ngành
xây_dựng,tăng
tăng,xây_dựng
tăng,phiên
phiên,tăng
phiên,hôm_nay
hôm_nay,phiên
hôm_nay,dẫn_dắt
dẫn_dắt,hôm_nay
dẫn_dắt,ctd
ctd,dẫn_dắt
khối,ngoại_giao_dịch
ngoại_giao_dịch,khối
ngoại_giao_dịch,phiên
phiên,ngoại_giao_dịch
phiên,hôm_nay
hôm_nay,phiên
hôm_nay,qui_mô
qui_mô,hôm_nay
qui_mô,thông_thường
thông_thường,qui_mô
thông_thường,khối
khối,thông_thường
khối,bán
bán,khối
bán,ròng
ròng,bán
ròng,mức
mức,ròng
tỷ,sàn
sàn,tỷ
sàn,hose
hose,sàn
hose,áp_lực
áp_lực,hose
áp_lực,bán
bán,áp_lực
bán,ròng
ròng,bán
ròng,tập_trung
tập_trung,ròng
tập_trung,hpg
hpg,tập_trung
hpg,triệu
triệu,hpg
triệu,cổ_phiếu
cổ_phiếu,triệu
nghìn,cổ_phiếu
cổ_phiếu,nghìn
pdr,trong
trong,pdr
trong,chiều
chiều,trong
chiều,ngược_lại
ngược_lại,chiều
ngược_lại,khối
khối,ngược_lại
khối,mua
mua,khối
mua,ròng
ròng,mua
ròng,vis
vis,ròng
chúng_tôi,quan_ngại
quan_ngại,chúng_tôi
quan_ngại,mức_độ
mức_độ,quan_ngại
mức_độ,bán
bán,mức_độ
bán,ròng
ròng,bán
ròng,diễn_biến
diễn_biến,ròng
diễn_biến,bán
bán,diễn_biến
bán,diện
diện,bán
diện,rộng
rộng,diện
rộng,khối
khối,rộng
khối,đầu_tư
đầu_tư,khối
đầu_tư,nước_ngoài
nước_ngoài,đầu_tư
nước_ngoài,trong
trong,nước_ngoài
trong,phiên
phiên,trong
phiên,hôm_nay
hôm_nay,phiên
hôm_nay,diễn
diễn,hôm_nay
diễn,trong
trong,diễn
trong,phiên
phiên,trong
phiên,giao_dịch
giao_dịch,phiên
giao_dịch,đầu
đầu,giao_dịch
đầu,tuần
tuần,đầu
tuần,tới
tới,tuần
tới,lực
lực,tới
lực,cản
cản,lực
cản,cho
cho,cản
cho,đà
đà,cho
đà,tăng
tăng,đà
tăng,chỉ_số
chỉ_số,tăng
chỉ_số,hoàn_toàn
hoàn_toàn,chỉ_số
hoàn_toàn,có
có,hoàn_toàn
có,rủi_ro
rủi_ro,có
rủi_ro,chặn
chặn,rủi_ro
chặn,hoặc
hoặc,chặn
hoặc,đảo
đảo,hoặc
đảo,chiều
chiều,đảo
chiều,xu_hướng
xu_hướng,chiều
xu_hướng,hồi_phục
hồi_phục,xu_hướng
hồi_phục,hiện_tại
hiện_tại,hồi_phục
chúng_tôi,mức_độ
mức_độ,chúng_tôi
mức_độ,tích_cực
tích_cực,mức_độ
tích_cực,phiên
phiên,tích_cực
phiên,giao_dịch
giao_dịch,phiên
giao_dịch,hôm_nay
hôm_nay,giao_dịch
hôm_nay,tăng
tăng,hôm_nay
tăng,khoản
khoản,tăng
khoản,tích_cực
tích_cực,khoản
tích_cực,mức_độ
mức_độ,tích_cực
mức_độ,mở_rộng
mở_rộng,mức_độ
mở_rộng,nhiều
nhiều,mở_rộng
nhiều,nhóm
nhóm,nhiều
nhóm,ngành
ngành,nhóm
động_lực,chỉ_số
chỉ_số,động_lực
chỉ_số,tăng
tăng,chỉ_số
tăng,cho
cho,tăng
cho,nhịp
nhịp,cho
nhịp,hồi_phục
hồi_phục,nhịp
hồi_phục,tiếp_diễn
tiếp_diễn,hồi_phục
tiếp_diễn,tiến
tiến,tiếp_diễn
tiến,kháng_cự
kháng_cự,tiến
kháng_cự,chúng_tôi
chúng_tôi,kháng_cự
chúng_tôi,kỳ_vọng
kỳ_vọng,chúng_tôi
kỳ_vọng,trừ
trừ,kỳ_vọng
trừ,phiên
phiên,trừ
phiên,giao_dịch
giao_dịch,phiên
giao_dịch,hôm_nay
hôm_nay,giao_dịch
hôm_nay,lực
lực,hôm_nay
lực,bán
bán,lực
bán,ròng
ròng,bán
ròng,trở_lại
trở_lại,ròng
trở_lại,diện
diện,trở_lại
diện,rộng
rộng,diện
rộng,khối
khối,rộng
khối,đầu_tư
đầu_tư,khối
đầu_tư,ngoại
ngoại,đầu_tư
ngoại,trong
trong,ngoại
trong,phiên
phiên,trong
phiên,hôm_nay
hôm_nay,phiên
hôm_nay,mức_độ
mức_độ,hôm_nay
mức_độ,bán
bán,mức_độ
bán,ròng
ròng,bán
ròng,tiếp_diễn
tiếp_diễn,ròng
tiếp_diễn,trong
trong,tiếp_diễn
trong,phiên
phiên,trong
phiên,đầu
đầu,phiên
đầu,tuần
tuần,đầu
tuần,tới
tới,tuần
tới,lực
lực,tới
lực,cản
cản,lực
cản,cho
cho,cản
cho,đợt
đợt,cho
đợt,hồi_phục
hồi_phục,đợt
hồi_phục,chúng_tôi
chúng_tôi,hồi_phục
chúng_tôi,thị_trường
thị_trường,chúng_tôi
thị_trường,tích_cực
tích_cực,thị_trường
tích_cực,trong
trong,tích_cực
trong,triển_vọng
triển_vọng,trong
triển_vọng,hồi
hồi,triển_vọng
hồi,tiếp_diễn
tiếp_diễn,hồi
tiếp_diễn,mức_độ
mức_độ,tiếp_diễn
mức_độ,hồi_phục
hồi_phục,mức_độ
hồi_phục,phụ_thuộc
phụ_thuộc,hồi_phục
phụ_thuộc,nhiều
nhiều,phụ_thuộc
nhiều,áp_lực
áp_lực,nhiều
áp_lực,khối
khối,áp_lực
khối,đầu_tư
đầu_tư,khối
đầu_tư,nước_ngoài
nước_ngoài,đầu_tư
nước_ngoài,trong
trong,nước_ngoài
trong,phiên
phiên,trong
phiên,giao_dịch
giao_dịch,phiên
giao_dịch,đầu
đầu,giao_dịch
đầu,tuần
tuần,đầu
gặp,khó_khăn
khó_khăn,gặp
khó_khăn,cản
cản,khó_khăn
bất_chấp,số_lượng
số_lượng,bất_chấp
số_lượng,cổ_phiếu
cổ_phiếu,số_lượng
cổ_phiếu,tăng_giá
tăng_giá,cổ_phiếu
tăng_giá,trong
trong,tăng_giá
trong,danh_mục
danh_mục,trong
danh_mục,nhiều
nhiều,danh_mục
nhiều,giảm_giá
giảm_giá,nhiều
phiên,đi
đi,phiên
đi,xuống
xuống,đi
nghĩa_là,hào_hứng
hào_hứng,nghĩa_là
hào_hứng,giảm
giảm,hào_hứng
giảm,dần
dần,giảm
trạng_thái,giao_dịch
giao_dịch,trạng_thái
giao_dịch,vnm
vnm,giao_dịch
vnm,hpg
hpg,vnm
hpg,trở_nên
trở_nên,hpg
trở_nên,bi_quan
bi_quan,trở_nên
bi_quan,trong
trong,bi_quan
trong,chiều
chiều,trong
chiều,ngược_lại
ngược_lại,chiều
ngược_lại,gas
gas,ngược_lại
vjc,vre
vre,vjc
vre,gặp
gặp,vre
gặp,áp_lực
áp_lực,gặp
áp_lực,bán
bán,áp_lực
bán,giá
giá,bán
giá,cao
cao,giá
cổ_phiếu,vcb
vcb,cổ_phiếu
vpb,msn
msn,vpb
msn,không
không,msn
không,chủ_động
chủ_động,không
chỉ_số,nhiều
nhiều,chỉ_số
nhiều,cổ_phiếu
cổ_phiếu,nhiều
cổ_phiếu,có
có,cổ_phiếu
có,phiên
phiên,có
phiên,giao_dịch
giao_dịch,phiên
giao_dịch,tích_cực
tích_cực,giao_dịch
tích_cực,duy_trì
duy_trì,tích_cực
duy_trì,sắc
sắc,duy_trì
sắc,xanh
xanh,sắc
xanh,trong
trong,xanh
trong,suốt
suốt,trong
suốt,phiên
phiên,suốt
phiên,đà
đà,phiên
đà,tăng
tăng,đà
tăng,dần
dần,tăng
dần,phiên
phiên,dần
vnindex,mở
mở,vnindex
mở,cửa
cửa,mở
cửa,thận_trọng
thận_trọng,cửa
thận_trọng,giao_dịch
giao_dịch,thận_trọng
giao_dịch,trong
trong,giao_dịch
trong,phạm_vi
phạm_vi,trong
phạm_vi,sideway
sideway,phạm_vi
sideway,tương_tự
tương_tự,sideway
tương_tự,phiên
phiên,tương_tự
phiên,giao_dịch
giao_dịch,phiên
giao_dịch,lên
lên,giao_dịch
lên,dần
dần,lên
dần,phiên
phiên,dần
phiên,đóng_cửa
đóng_cửa,phiên
đóng_cửa,tăng
tăng,đóng_cửa
khoản,toàn
toàn,khoản
toàn,thị_trường
thị_trường,toàn
thị_trường,tỷ
tỷ,thị_trường
tỷ,đồng
đồng,tỷ
đồng,sụt_giảm
sụt_giảm,đồng
sụt_giảm,nhẹ
nhẹ,sụt_giảm
nhẹ,phiên
phiên,nhẹ
phiên,giao_dịch
giao_dịch,phiên
giao_dịch,loại_bỏ
loại_bỏ,giao_dịch
loại_bỏ,giao_dịch
giao_dịch,loại_bỏ
giao_dịch,thỏa_thuận
thỏa_thuận,giao_dịch
thỏa_thuận,đột_biến
đột_biến,thỏa_thuận
đột_biến,phiên
phiên,đột_biến
phiên,nhóm
nhóm,phiên
nhóm,cổ_phiếu
cổ_phiếu,nhóm
cổ_phiếu,vốn_hóa
vốn_hóa,cổ_phiếu
vốn_hóa,phiên
phiên,vốn_hóa
phiên,hôm_nay
hôm_nay,phiên
hôm_nay,có
có,hôm_nay
có,đồng
đồng,có
đồng,thuận
thuận,đồng
thuận,cổ_phiếu
cổ_phiếu,thuận
cổ_phiếu,giảm
giảm,cổ_phiếu
giảm,phiên
phiên,giảm
phiên,hồi
hồi,phiên
hồi,trở_lại
trở_lại,hồi
trở_lại,vnm
vnm,trở_lại
hpg,bid
bid,hpg
vcb,tăng
tăng,vcb
tăng,tiếp_diễn
tiếp_diễn,tăng
tiếp_diễn,trong
trong,tiếp_diễn
trong,có
có,trong
có,vic
vic,có
vic,giảm
giảm,vic
giảm,nhẹ
nhẹ,giảm
nhóm,cổ_phiếu
cổ_phiếu,nhóm
cổ_phiếu,ngân_hàng
ngân_hàng,cổ_phiếu
ngân_hàng,có
có,ngân_hàng
có,diễn_biến
diễn_biến,có
diễn_biến,đồng
đồng,diễn_biến
đồng,thuận
thuận,đồng
thuận,trở_lại
trở_lại,thuận
trở_lại,hầu_hết
hầu_hết,trở_lại
hầu_hết,cổ_phiếu
cổ_phiếu,hầu_hết
cổ_phiếu,ngân_hàng
ngân_hàng,cổ_phiếu
ngân_hàng,tăng
tăng,ngân_hàng
tăng,phiên
phiên,tăng
phiên,hôm_nay
hôm_nay,phiên
hôm_nay,dẫn_đầu
dẫn_đầu,hôm_nay
dẫn_đầu,bid
bid,dẫn_đầu
vpb,nhóm
nhóm,vpb
nhóm,nhóm
nhóm,nhóm
nhóm,có
có,nhóm
có,tầm
tầm,có
tầm,ảnh_hưởng
ảnh_hưởng,tầm
ảnh_hưởng,tới
tới,ảnh_hưởng
tới,tâm_lý
tâm_lý,tới
tâm_lý,thị_trường
thị_trường,tâm_lý
thị_trường,nhóm
nhóm,thị_trường
nhóm,cổ_phiếu
cổ_phiếu,nhóm
cổ_phiếu,ngành
ngành,cổ_phiếu
ngành,chứng_khoán
chứng_khoán,ngành
chứng_khoán,có
có,chứng_khoán
có,diễn_biến
diễn_biến,có
diễn_biến,tích_cực
tích_cực,diễn_biến
tích_cực,tương_tự
tương_tự,tích_cực
tương_tự,nhiều
nhiều,tương_tự
nhiều,cổ_phiếu
cổ_phiếu,nhiều
cổ_phiếu,tăng
tăng,cổ_phiếu
tăng,trong
trong,tăng
trong,vnd
vnd,trong
vnd,tăng
tăng,vnd
tăng,trần
trần,tăng
trần,ssi
ssi,trần
shs,tăng
tăng,shs
tăng,khá
khá,tăng
khá,nhóm
nhóm,khá
nhóm,cổ_phiếu
cổ_phiếu,nhóm
cổ_phiếu,dầu_khí
dầu_khí,cổ_phiếu
dầu_khí,điều_chỉnh
điều_chỉnh,dầu_khí
điều_chỉnh,tăng
tăng,điều_chỉnh
tăng,trở_lại
trở_lại,tăng
trở_lại,pvs
pvs,trở_lại
pvd,tăng
tăng,pvd
tăng,trần
trần,tăng
trần,gas
gas,trần
pxs,tăng
tăng,pxs
tăng,khá
khá,tăng
khá,diễn_biến
diễn_biến,khá
diễn_biến,nhóm
nhóm,diễn_biến
nhóm,ngành
ngành,nhóm
ngành,dầu_khí
dầu_khí,ngành
dầu_khí,tích_cực
tích_cực,dầu_khí
tích_cực,pvn
pvn,tích_cực
pvn,công_bố
công_bố,pvn
công_bố,ký_kết
ký_kết,công_bố
ký_kết,phát_triển
phát_triển,ký_kết
phát_triển,dự_án
dự_án,phát_triển
dự_án,vàng
vàng,dự_án
vàng,đại_nguyệt
đại_nguyệt,vàng
đại_nguyệt,khả_năng
khả_năng,đại_nguyệt
khả_năng,khởi_động
khởi_động,khả_năng
khởi_động,loạt
loạt,khởi_động
loạt,dự_án
dự_án,loạt
dự_án,dầu_khí
dầu_khí,dự_án
dầu_khí,block
block,dầu_khí
block,b
b,block
b,ô_môn
ô_môn,b
sư_tử,trắng
trắng,sư_tử
trắng,giai_đoạn
giai_đoạn,trắng
dự_án,mở_rộng
mở_rộng,dự_án
mở_rộng,nhà_máy
nhà_máy,mở_rộng
nhà_máy,lọc
lọc,nhà_máy
lọc,dầu
dầu,lọc
dầu,bình_sơn
bình_sơn,dầu
bình_sơn,trong
trong,bình_sơn
trong,bối_cảnh
bối_cảnh,trong
bối_cảnh,giá
giá,bối_cảnh
giá,dầu
dầu,giá
dầu,brent
brent,dầu
brent,diễn_biến
diễn_biến,brent
diễn_biến,tích_cực
tích_cực,diễn_biến
tích_cực,duy_trì
duy_trì,tích_cực
duy_trì,giá
giá,duy_trì
giá,usd
usd,giá
usd,cao
cao,usd
cao,hòa
hòa,cao
hòa,vốn
vốn,hòa
vốn,thúc_đẩy
thúc_đẩy,vốn
thúc_đẩy,hoạt_động
hoạt_động,thúc_đẩy
hoạt_động,khai_thác
khai_thác,hoạt_động
thăm_dò,dầu_khí
dầu_khí,thăm_dò
dầu_khí,trở_lại
trở_lại,dầu_khí
khối,ngoại_giao_dịch
ngoại_giao_dịch,khối
ngoại_giao_dịch,khá
khá,ngoại_giao_dịch
khá,trầm_lắng
trầm_lắng,khá
trầm_lắng,trong
trong,trầm_lắng
trong,phiên
phiên,trong
phiên,hôm_nay
hôm_nay,phiên
hôm_nay,hai
hai,hôm_nay
hai,phiên
phiên,hai
phiên,liên_tiếp
liên_tiếp,phiên
liên_tiếp,giao_dịch
giao_dịch,liên_tiếp
giao_dịch,tác_động
tác_động,giao_dịch
tác_động,tới
tới,tác_động
tới,khoản
khoản,tới
khoản,trong
trong,khoản
trong,phiên
phiên,trong
phiên,hôm_nay
hôm_nay,phiên
hôm_nay,khối
khối,hôm_nay
khối,bán
bán,khối
bán,ròng
ròng,bán
tỷ,sàn
sàn,tỷ
sàn,hose
hose,sàn
cổ_phiếu,bán
bán,cổ_phiếu
bán,ròng
ròng,bán
ròng,cái
cái,ròng
cái,quên
quên,cái
quên,vnm
vnm,quên
nvl,chiều
chiều,nvl
chiều,ngược_lại
ngược_lại,chiều
ngược_lại,khối
khối,ngược_lại
khối,đầu_tư
đầu_tư,khối
đầu_tư,ngoại
ngoại,đầu_tư
ngoại,mua
mua,ngoại
mua,ròng
ròng,mua
ròng,nhẹ
nhẹ,ròng
nhẹ,vjc
vjc,nhẹ
vjc,bid
bid,vjc
bid,ssi
ssi,bid
thị_trường,diễn_biến
diễn_biến,thị_trường
diễn_biến,tích_cực
tích_cực,diễn_biến
tích_cực,sôi_động
sôi_động,tích_cực
sôi_động,trở_lại
trở_lại,sôi_động
trở_lại,trái_ngược
trái_ngược,trở_lại
trái_ngược,hai
hai,trái_ngược
hai,phiên
phiên,hai
phiên,ảm
ảm,phiên
ảm,đảm
đảm,ảm
đảm,mức
mức,đảm
mức,tăng
tăng,mức
tăng,số_lượng
số_lượng,tăng
số_lượng,cổ_phiếu
cổ_phiếu,số_lượng
cổ_phiếu,tăng
tăng,cổ_phiếu
tăng,áp_đảo
áp_đảo,tăng
cổ_phiếu,nhóm
nhóm,cổ_phiếu
nhóm,ngành
ngành,nhóm
ngành,ngân_hàng
ngân_hàng,ngành
dầu_khí,thu_hút
thu_hút,dầu_khí
thu_hút,dòng
dòng,thu_hút
dòng,tiền
tiền,dòng
tiền,tăng
tăng,tiền
tăng,nổi_bật
nổi_bật,tăng
nổi_bật,trở_lại
trở_lại,nổi_bật
trở_lại,tâm_lý
tâm_lý,trở_lại
tâm_lý,tích_cực
tích_cực,tâm_lý
mặc_dù,chỉ_số
chỉ_số,mặc_dù
chỉ_số,vnindex
vnindex,chỉ_số
vnindex,chưa
chưa,vnindex
chưa,thoát
thoát,chưa
thoát,hẳn
hẳn,thoát
hẳn,giá
giá,hẳn
giá,tích_lũy
tích_lũy,giá
tích_lũy,trong
trong,tích_lũy
trong,phiên
phiên,trong
phiên,diễn_biến
diễn_biến,phiên
diễn_biến,nội_tại
nội_tại,diễn_biến
nội_tại,thị_trường
thị_trường,nội_tại
thị_trường,diễn_biến
diễn_biến,thị_trường
diễn_biến,tích_cực
tích_cực,diễn_biến
tích_cực,nhiều
nhiều,tích_cực
nhiều,cổ_phiếu
cổ_phiếu,nhiều
cổ_phiếu,break
break,cổ_phiếu
break,out
out,break
out,tích_lũy
tích_lũy,out
cho,mức_độ
mức_độ,cho
mức_độ,đồng_thuận
đồng_thuận,mức_độ
đồng_thuận,cổ_phiếu
cổ_phiếu,đồng_thuận
cổ_phiếu,chưa
chưa,cổ_phiếu
chưa,cao
cao,chưa
cao,biến_động
biến_động,cao
biến_động,trái
trái,biến_động
trái,chiều
chiều,trái
chiều,nhiều
nhiều,chiều
nhiều,xáo_trộn
xáo_trộn,nhiều
xáo_trộn,dòng
dòng,xáo_trộn
dòng,tiền
tiền,dòng
tiền,luân_chuyển
luân_chuyển,tiền
luân_chuyển,cổ_phiếu
cổ_phiếu,luân_chuyển
cổ_phiếu,có
có,cổ_phiếu
có,câu_chuyện
câu_chuyện,có
câu_chuyện,tách
tách,câu_chuyện
tách,nhóm
nhóm,tách
nhóm,đi
đi,nhóm
đi,lên
lên,đi
trở_lại,cản
cản,trở_lại
tâm_lý,lạc_quan
lạc_quan,tâm_lý
lạc_quan,nhóm
nhóm,lạc_quan
nhóm,ngân_hàng
ngân_hàng,nhóm
ngân_hàng,tài_chính
tài_chính,ngân_hàng
dầu_khí,phục_hồi
phục_hồi,dầu_khí
phục_hồi,vnm
vnm,phục_hồi
vnm,hpg
hpg,vnm
hpg,góp_phần
góp_phần,hpg
góp_phần,đẩy
đẩy,góp_phần
đẩy,chỉ_số
chỉ_số,đẩy
chúng_tôi,duy_trì
duy_trì,chúng_tôi
duy_trì,cái
cái,duy_trì
cái,kém
kém,cái
kém,tích_cực
tích_cực,kém
tích_cực,vnm
vnm,tích_cực
sab,thận_trọng
thận_trọng,sab
thận_trọng,hpg
hpg,thận_trọng
hpg,cổ_phiếu
cổ_phiếu,hpg
cổ_phiếu,chiếm
chiếm,cổ_phiếu
chiếm,tỷ_trọng
tỷ_trọng,chiếm
tỷ_trọng,trong
trong,tỷ_trọng
trong,rổ
rổ,trong
rổ,chỉ_số
chỉ_số,rổ
chiều,ngược_lại
ngược_lại,chiều
số_lượng,cổ_phiếu
cổ_phiếu,số_lượng
cổ_phiếu,giao_dịch
giao_dịch,cổ_phiếu
giao_dịch,lạc_quan
lạc_quan,giao_dịch
lạc_quan,tăng
tăng,lạc_quan
tăng,dần
dần,tăng
dần,trạng_thái
trạng_thái,dần
trạng_thái,ngắn_hạn
ngắn_hạn,trạng_thái
ngắn_hạn,vjc
vjc,ngắn_hạn
plx,có_thể
có_thể,plx
có_thể,tích_cực
tích_cực,có_thể
chúng_tôi,chỉ_số
chỉ_số,chúng_tôi
duy_trì,xu_hướng
xu_hướng,duy_trì
xu_hướng,tăng_giá
tăng_giá,xu_hướng
tăng_giá,chậm
chậm,tăng_giá
chậm,đặc_điểm
đặc_điểm,chậm
đặc_điểm,khoản
khoản,đặc_điểm
khoản,chênh_lệch
chênh_lệch,khoản
chênh_lệch,tăng
tăng,chênh_lệch
tăng,giảm
giảm,tăng
giảm,không
không,giảm
không,lưu_ý
lưu_ý,không
lưu_ý,trong
trong,lưu_ý
trong,thị_trường
thị_trường,trong
thị_trường,tăng
tăng,thị_trường
tăng,chậm
chậm,tăng
chậm,phiên
phiên,chậm
phiên,điều_chỉnh
điều_chỉnh,phiên
điều_chỉnh,xuất_hiện
xuất_hiện,điều_chỉnh
xuất_hiện,xen_kẽ
xen_kẽ,xuất_hiện
xen_kẽ,phiên
phiên,xen_kẽ
phiên,tăng
tăng,phiên
tăng,chiến_lược
chiến_lược,tăng
chiến_lược,giao_dịch
giao_dịch,chiến_lược
giao_dịch,hợp_đồng
hợp_đồng,giao_dịch
hợp_đồng,tương_lai
tương_lai,hợp_đồng
tương_lai,phù_hợp
phù_hợp,tương_lai
phù_hợp,chào
chào,phù_hợp
chào,mua
mua,chào
mua,giá
giá,mua
giá,đầu
đầu,giá
đầu,hợp_đồng
hợp_đồng,đầu
hợp_đồng,tương_lai
tương_lai,hợp_đồng
tương_lai,chỉ_số
chỉ_số,tương_lai
kỳ_hạn,kỳ_hạn
kỳ_hạn,kỳ_hạn
kỳ_hạn,quý
quý,kỳ_hạn
giới,đầu_tư
đầu_tư,giới
đầu_tư,ngại
ngại,đầu_tư
ngại,rủi_ro
rủi_ro,ngại
rủi_ro,kỳ_hạn
kỳ_hạn,rủi_ro
kỳ_hạn,nảy_sinh
nảy_sinh,kỳ_hạn
nảy_sinh,cơ_hội
cơ_hội,nảy_sinh
cơ_hội,giao_dịch
giao_dịch,cơ_hội
giao_dịch,chênh_lệch
chênh_lệch,giao_dịch
chênh_lệch,duy_trì
duy_trì,chênh_lệch
duy_trì,song_song
song_song,duy_trì
song_song,hai
hai,song_song
hai,vị_thế_là
vị_thế_là,hai
vị_thế_là,mua
mua,vị_thế_là
mua,kỳ_hạn
kỳ_hạn,mua
kỳ_hạn,ngắn
ngắn,kỳ_hạn
ngắn,bán
bán,ngắn
bán,kỳ_hạn
kỳ_hạn,bán
kỳ_hạn,mức
mức,kỳ_hạn
mức,giá
giá,mức
trong,giai_đoạn
giai_đoạn,trong
giai_đoạn,tới
tới,giai_đoạn
thị_trường,chứng_khoán
chứng_khoán,thị_trường
việt,nam
nam,việt
nam,tăng
tăng,nam
tăng,quy_mô
quy_mô,tăng
độ,sâu
sâu,độ
khoản,ttck
ttck,khoản
ttck,phái_sinh
phái_sinh,ttck
phái_sinh,đi
đi,phái_sinh
đi,hoạt_động
hoạt_động,đi
hỗ_trợ,tích_cực
tích_cực,hỗ_trợ
tích_cực,cho
cho,tích_cực
cho,phát_triển
phát_triển,cho
phát_triển,thị_trường
thị_trường,phát_triển
thị_trường,trong
trong,thị_trường
trong,giai_đoạn
giai_đoạn,trong
giai_đoạn,cơ_quan
cơ_quan,giai_đoạn
cơ_quan,quản_lý
quản_lý,cơ_quan
quản_lý,coi_trọng
coi_trọng,quản_lý
coi_trọng,công_tác
công_tác,coi_trọng
công_tác,thông_tin
thông_tin,công_tác
tuyên_truyền,càng
càng,tuyên_truyền
càng,đẩy_mạnh
đẩy_mạnh,càng
đẩy_mạnh,hết
hết,đẩy_mạnh
chia_sẻ,phó_chủ_tịch
phó_chủ_tịch,chia_sẻ
phó_chủ_tịch,ủy_ban
ủy_ban,phó_chủ_tịch
ủy_ban,chứng_khoán
chứng_khoán,ủy_ban
chứng_khoán,nhà_nước
nhà_nước,chứng_khoán
phạm,hồng_sơn
hồng_sơn,phạm
hồng_sơn,trao_đổi
trao_đổi,hồng_sơn
trao_đổi,phóng_viên
phóng_viên,trao_đổi
phóng_viên,tbtcvn
tbtcvn,phóng_viên
tbtcvn,nhân
nhân,tbtcvn
nhân,báo_chí
báo_chí,nhân
báo_chí,cách_mạng
cách_mạng,báo_chí
cách_mạng,việt_nam
việt_nam,cách_mạng
trong,chỉ_đạo
chỉ_đạo,trong
chỉ_đạo,chính_phủ
chính_phủ,chỉ_đạo
ttck,dần
dần,ttck
dần,kênh
kênh,dần
kênh,vốn
vốn,kênh
vốn,trung
trung,vốn
trung,dài_hạn
dài_hạn,trung
dài_hạn,kinh_tế
kinh_tế,dài_hạn
góp_phần,hoàn_thiện
hoàn_thiện,góp_phần
hoàn_thiện,thể_chế
thể_chế,hoàn_thiện
thể_chế,kinh_tế
kinh_tế,thể_chế
kinh_tế,thị_trường
thị_trường,kinh_tế
đóng_góp,tích_cực
tích_cực,đóng_góp
tích_cực,cho
cho,tích_cực
cho,tăng_trưởng
tăng_trưởng,cho
tăng_trưởng,hội_nhập
hội_nhập,tăng_trưởng
hội_nhập,kinh_tế
kinh_tế,hội_nhập
có,thành_công
thành_công,có
thành_công,hôm_nay
hôm_nay,thành_công
nỗ_lực,cơ_quan
cơ_quan,nỗ_lực
cơ_quan,quản_lý
quản_lý,cơ_quan
thành_viên,thị_trường
thị_trường,thành_viên
thị_trường,không_thể
không_thể,thị_trường
không_thể,góp
góp,không_thể
góp,sức
sức,góp
sức,cơ_quan
cơ_quan,sức
cơ_quan,truyền_thông
truyền_thông,cơ_quan
cơ_quan,thông_tấn
thông_tấn,cơ_quan
phóng_viên,theo_dõi
theo_dõi,phóng_viên
theo_dõi,mảng
mảng,theo_dõi
mảng,chứng_khoán
chứng_khoán,mảng
chứng_khoán,hỗ_trợ
hỗ_trợ,chứng_khoán
hỗ_trợ,đồng_hành
đồng_hành,hỗ_trợ
đồng_hành,cơ_quan
cơ_quan,đồng_hành
cơ_quan,quản_lý
quản_lý,cơ_quan
quản_lý,tuyên_truyền
tuyên_truyền,quản_lý
tuyên_truyền,cơ_chế
cơ_chế,tuyên_truyền
cơ_chế,chính_sách
chính_sách,cơ_chế
công_tác,chỉ_đạo
chỉ_đạo,công_tác
chỉ_đạo,điều_hành
điều_hành,chỉ_đạo
điều_hành,phát_triển
phát_triển,điều_hành
phát_triển,thị_trường
thị_trường,phát_triển
báo_chí,phát_huy
phát_huy,báo_chí
phát_huy,cầu_nối
cầu_nối,phát_huy
cầu_nối,tích_cực
tích_cực,cầu_nối
tích_cực,chuyển_tải
chuyển_tải,tích_cực
chuyển_tải,ý_kiến
ý_kiến,chuyển_tải
mong_muốn,đầu_tư
đầu_tư,mong_muốn
doanh_nghiệp,thành_viên
thành_viên,doanh_nghiệp
thành_viên,thị_trường
thị_trường,thành_viên
thị_trường,tới
tới,thị_trường
tới,cơ_quan
cơ_quan,tới
cơ_quan,quản_lý
quản_lý,cơ_quan
đảm_bảo,thị_trường
thị_trường,đảm_bảo
thị_trường,phát_triển
phát_triển,thị_trường
phát_triển,công_bằng
công_bằng,phát_triển
công_khai,bảo_vệ
bảo_vệ,công_khai
bảo_vệ,lợi_ích
lợi_ích,bảo_vệ
lợi_ích,chính_đáng
chính_đáng,lợi_ích
chính_đáng,đầu_tư
đầu_tư,chính_đáng
chúng_tôi,cao
cao,chúng_tôi
cao,hỗ_trợ
hỗ_trợ,cao
đóng_góp,có
có,đóng_góp
có,hiệu_quả
hiệu_quả,có
hiệu_quả,cơ_quan
cơ_quan,hiệu_quả
cơ_quan,thông_tấn
thông_tấn,cơ_quan
báo_chí,tận_tâm
tận_tâm,báo_chí
đồng_hành,biên_tập_viên
biên_tập_viên,đồng_hành
phóng_viên,cho
cho,phóng_viên
cho,phát_triển
phát_triển,cho
phát_triển,ttck
ttck,phát_triển
ttck,trong
trong,ttck
trong,suốt
suốt,trong
suốt,pv
pv,suốt
thị_trường,chứng_khoán
chứng_khoán,thị_trường
chứng_khoán,giai_đoạn
giai_đoạn,chứng_khoán
giai_đoạn,phát_triển
phát_triển,giai_đoạn
phát_triển,định_hướng
định_hướng,phát_triển
định_hướng,tăng
tăng,định_hướng
tăng,phát_triển
phát_triển,tăng
phát_triển,chiều
chiều,phát_triển
chiều,sâu_vậy
sâu_vậy,chiều
có_thể,cho
cho,có_thể
cho,biết
biết,cho
giải_pháp,ubcknn
ubcknn,giải_pháp
ubcknn,đẩy_mạnh
đẩy_mạnh,ubcknn
đẩy_mạnh,công_tác
công_tác,đẩy_mạnh
công_tác,thông_tin
thông_tin,công_tác
tuyên_truyền,hướng
hướng,tuyên_truyền
tăng,chiều
chiều,tăng
chiều,sâu
sâu,chiều
trong,chặng
chặng,trong
chặng,đường
đường,chặng
đường,tới
tới,đường
phạm,hồng_sơn
hồng_sơn,phạm
có_thể,trong
trong,có_thể
trong,suốt
suốt,trong
suốt,năm_qua
năm_qua,suốt
ttck,việt
việt,ttck
việt,nam
nam,việt
nam,xây_dựng
xây_dựng,nam
xây_dựng,phát_triển
phát_triển,xây_dựng
có,thăng
thăng,có
thăng,trầm
trầm,thăng
thành_tựu,ttck
ttck,thành_tựu
ttck,có
có,ttck
doanh_nghiệp,niêm_yết
niêm_yết,doanh_nghiệp
niêm_yết,công_ty
công_ty,niêm_yết
công_ty,đăng_ký
đăng_ký,công_ty
đăng_ký,giao_dịch
giao_dịch,đăng_ký
hoạt_động,thành_viên
thành_viên,hoạt_động
thành_viên,thị_trường
thị_trường,thành_viên
thị_trường,sở
sở,thị_trường
sở,giao_dịch
giao_dịch,sở
giao_dịch,chứng_khoán
chứng_khoán,giao_dịch
tổ_chức,thị_trường
thị_trường,tổ_chức
thị_trường,giao_dịch
giao_dịch,thị_trường
giao_dịch,cổ_phiếu
cổ_phiếu,giao_dịch
cổ_phiếu,niêm_yết
niêm_yết,cổ_phiếu
thị_trường,trái_phiếu
trái_phiếu,thị_trường
trái_phiếu,chuyên_biệt
chuyên_biệt,trái_phiếu
chuyên_biệt,hệ_thống
hệ_thống,chuyên_biệt
hệ_thống,thanh_toán
thanh_toán,hệ_thống
thanh_toán,bù_trừ
bù_trừ,thanh_toán
bù_trừ,trung_tâm
trung_tâm,bù_trừ
trung_tâm,lưu
lưu,trung_tâm
lưu,ký
ký,lưu
ký,chứng_khoán
chứng_khoán,ký
đảm_bảo,thông_suốt
thông_suốt,đảm_bảo
an_toàn,tiền
tiền,an_toàn
tiền,tài_sản
tài_sản,tiền
tài_sản,đầu_tư
đầu_tư,tài_sản
trong,giai_đoạn
giai_đoạn,trong
giai_đoạn,tới
tới,giai_đoạn
ttck,việt
việt,ttck
việt,nam
nam,việt
nam,tăng
tăng,nam
tăng,quy_mô
quy_mô,tăng
độ,sâu
sâu,độ
hiệu_quả,ttck
ttck,hiệu_quả
ttck,phái_sinh
phái_sinh,ttck
phái_sinh,hoạt_động
hoạt_động,phái_sinh
nâng,cao
cao,nâng
cao,sức
sức,cao
sức,cạnh_tranh
cạnh_tranh,sức
năng_lực,hệ_thống
hệ_thống,năng_lực
hệ_thống,định_chế
định_chế,hệ_thống
định_chế,trung_gian
trung_gian,định_chế
tổ_chức,phụ_trợ
phụ_trợ,tổ_chức
phụ_trợ,mở_cửa
mở_cửa,phụ_trợ
mở_cửa,thị_trường
thị_trường,mở_cửa
thị_trường,cam_kết
cam_kết,thị_trường
cam_kết,quốc_tế
quốc_tế,cam_kết
tăng_cường,năng_lực
năng_lực,tăng_cường
năng_lực,quản_lý
quản_lý,năng_lực
giám_sát,thị_trường
thị_trường,giám_sát
